{
  "cols": 1,
  "data": {
    "point-0": [
      0.0
    ],
    "point-1": [
      0.20000000298023224
    ],
    "point-2": [
      0.699999988079071
    ],
    "point-3": [
      1.0
    ]
  }
}
